Item,Character,Pinyin,Tone,Duration,P1,P2,P3,P4,P5,P6,P7,P8,P9,P10,P11,P12,P13,P14,P15,P16,P17,P18,P19,P20,P21,P22,P23,P24,P25,P26,P27,P28,P29,P30
No. 76,歸,gui,1,324.7,325.5,326.8,328,329.3,330.6,337.6,336.9,337.4,339.6,340.9,343.8,347.7,345.9,343.1,337.5,331.4,329.2,332.5,333.6,324.2,315.7,310.5,302.4,298.2,299.6,298.2,287.1,272,261.5,260.6
No. 76,(歸),gui,2,306.4,282,283.7,285.8,291.3,296.1,306.7,324,329.9,322.9,319.8,321.7,324.2,325.3,332,342.6,340.1,332.2,331.3,333.3,333.8,336.4,341.8,338.3,329.2,324.7,321.4,312.2,299.9,293.2,288.2
No. 76,(歸),gui,3,409.5,139.7,139.4,146.6,144.2,140.4,138.7,139.9,144.2,162.1,170.4,174.6,183.4,194.6,203.7,212.8,220,226.6,233.3,244.4,252.8,252.1,255.8,263.6,270.9,282.1,276.5,273.6,272.3,264.4,258.3
No. 76,(歸),gui,4,163.2,298.7,304.9,310,314.4,316.7,318.4,314.1,310.2,307.4,304.5,301.4,295,287.1,282.5,277.2,265.6,256.9,253.3,249.7,246.2,236.9,226.2,215.5,204.8,194.1,183.4,172.7,162,151.3,151
No. 76,(去),qu,1,292.1,284.7,288.9,296.7,306.6,310.1,307.7,306.3,307.9,309.2,309.8,312.5,316.4,314.1,308.4,305.7,305.2,303,302.8,309.9,311.1,303.3,295.9,292.5,288.4,283.2,283.2,285.7,280.3,264.4,263.8
No. 76,(去),qu,2,280.7,287.5,288,289.4,290,290.8,293,296.3,301.3,310.3,318.1,319.7,318.2,316.8,316.4,316.9,320.4,329.4,336.9,332.1,325.4,322.4,320.9,319,319.9,326.7,323.7,313,310.4,308.2,305.6
No. 76,(去),qu,3,375.2,149.8,146.3,143.3,142.2,144.6,149.4,148.3,147.9,150.5,155.4,164.2,176.4,179.9,189.4,198.9,208.3,217.8,227.3,236.8,239.4,245.4,248.4,255.5,264,261,258.4,254.8,245.3,243.3,248.8
No. 76,去,qu,4,186.2,315.1,314.9,312.7,307.3,301.6,297.2,295.2,294,291.5,287.8,283.3,281.1,279.7,279,267,254,240.9,227.8,214.7,201.6,188.5,176.2,169.1,161.5,153.4,145.4,138.9,134.4,127.5,122.8
No. 76,(來),lai,1,468.9,217,223,230.9,246.1,260.6,282.4,291.4,294,299,300.7,315.7,314.6,309.3,305,303.1,314.8,301.7,291.9,286.6,290.4,294.4,279.3,272.4,271,274.9,263.6,248.8,240.3,237,239.2
No. 76,來,lai,2,429.5,193.8,192.2,200.8,206.2,207.9,215,224.4,238.3,252.2,252.8,259.3,268.7,279.2,296.3,298.7,301.5,304.1,309.4,320.8,318.5,313.5,314.9,314.4,317.5,318.6,309.9,304.3,300.1,304,305.2
No. 76,(來),lai,3,570,125.5,124.5,128.3,127.7,123.4,120.7,123.3,123.2,118.5,120.4,128.8,130.3,128.1,130.3,142.6,142.3,147.3,157.2,171,172.2,189.4,198.2,218.1,215,224.1,231,243.1,240,249.7,249.9
No. 76,(來),lai,4,254.9,246.4,248.7,253.6,258.1,265.3,271.6,280.3,280.8,275.8,270.9,268.2,266.4,262.9,255.3,250.1,247.7,240.6,230.6,220.5,210.4,200.3,190.2,180.1,170,159.9,149.9,140.4,131.9,123.7,116.5
No. 76,兮,xi,1,320.8,286.8,290.6,297.9,305.5,310.6,314.4,323.5,331.4,324.6,318.7,318.8,319.3,320.2,326.9,331.3,323,315.6,310.8,308.1,307.3,309.6,310.7,304.8,292.9,288.3,283.5,280.1,279.6,276.3,273.9
No. 76,(兮),xi,2,323.6,292.6,294.1,299.4,301,304.4,311.6,318.4,327,345.2,350.3,354.5,357.1,358.1,359.8,371.4,381.3,374.6,366,362.7,357.4,348.5,337.1,327.1,315.6,302.8,295,290.9,286.8,284.9,283.3
No. 76,(兮),xi,3,363.7,151.1,151.1,157.1,157.7,158.1,169.2,179.3,190.7,191.5,196,200.6,210.2,222.6,232.8,237.6,242.1,246.3,265,268.5,269.9,272.7,274.2,275.7,285.3,292.9,285.9,275.5,263.9,254.6,248.7
No. 76,(兮),xi,4,163.2,306.1,312.5,319.6,325.6,331.1,335.7,335.8,332.2,325.5,317.9,310,302.3,295,288.7,283.6,275.2,265.2,258.6,252.4,244.4,236.4,228.4,220.4,212.4,204.5,196.5,183.5,171,160.2,149.5
No. 76,(田),tian,1,390,298.4,307.4,319.1,315.6,312.3,317.3,321.6,328.9,336.7,327.3,324.2,322.8,319.8,329.7,327.1,321.3,322,316.6,314.1,320.5,314.5,305.9,301.5,295.9,297.1,301,300.2,298.1,296.2,295.9
No. 76,田,tian,2,426.7,246.9,242.3,243.5,256.9,262.6,264.6,271,279.8,305.4,309.6,308.2,311.7,314.5,330.5,337.9,328.1,327.7,327.2,336.5,345.3,331.8,328.6,328.3,326,329.1,329.4,320.5,328.7,329.8,328.3
No. 76,(田),tian,3,439.5,144.7,143.8,144.6,138.3,137.2,136.7,138.6,143.2,142.4,143.3,145.3,149.4,157.3,156.6,158.6,162.8,173.1,186.2,191,197.5,208.7,218.9,237.1,236.8,240.1,246.6,251.3,239.4,238.8,241.3
No. 76,(田),tian,4,220.4,327.3,323.9,317.2,309,304.5,302.3,301.1,299.2,299.3,301.6,305,303.1,289.8,276.1,265.2,257.5,245.5,233,220.4,207.8,201.9,198.1,193.5,184.7,175.9,167.1,158.3,149.6,141.6,139.7
No. 76,(園),yuan,1,450,314.3,315.5,314.6,308.7,306.6,307.7,319.9,326.9,323.1,323.9,327.1,331.8,336,324.3,318.4,315.5,319.5,318.7,307.8,305,301.5,302.5,303.4,292,286.4,275.1,278.5,268.3,263.1,262.4
No. 76,園,yuan,2,450,230.4,229.5,233.2,237,243.1,268.2,270.5,274,278.8,287.2,308.4,309.1,309.9,311.2,315.4,332.4,329.3,325.9,326.6,331,342.2,330.3,321.1,315.4,316.3,322.1,322.2,327,327.9,326.7
No. 76,(園),yuan,3,570,137.7,130.8,138.4,131.4,130.8,134.5,132.8,130.5,131.4,136.9,136.2,136.6,144.9,156.2,160.5,164.4,167.5,184.5,188.2,195.4,205.4,232.1,239.9,245.9,255.9,276.8,274.3,274.9,279.2,287.8
No. 76,(園),yuan,4,268.4,286,286.3,288.2,291.8,294.7,301.7,310.1,314,307.9,299.9,297.2,296.3,293.2,287.9,283,277.3,267.7,255.6,243.6,231.6,219.6,207.6,196.5,185.5,173.4,161.1,144.6,131.6,124.3,120.4
No. 76,將,jiang,1,401,306,326.6,323.4,317.3,317,317.6,324.2,329.6,320.5,315.7,316,320.9,329.4,327.1,315.3,311.4,309.6,312.6,316.7,305.3,299.2,299.9,296.7,301.6,297.5,288.9,287.3,285.7,290.1,290.6
No. 76,(將),jiang,2,437.8,271.3,268.6,271.9,274.5,292.1,298.5,298.6,302.1,305.3,318.6,320.8,318.4,320.6,322.5,335.3,343.9,335.5,330.7,327.2,335,342.1,334,330.6,326.9,330.4,341.5,332.8,331.5,335,332.3
No. 76,(將),jiang,3,472.5,145.9,143.3,140.7,142.1,146.1,142.8,142.4,143,148.9,149.7,145.9,148.6,153.8,162.9,166.6,170.5,179.4,188.3,207.2,210.5,219.7,229.2,239.8,255.3,257.9,258.1,259.6,264.6,270.1,271.1
No. 76,(將),jiang,4,244.6,304.4,305.5,306.8,306.2,308.9,314.6,315,308.8,298.3,288.5,287,282.7,272.9,262.3,253.3,244.6,231.6,218.7,205.8,192.8,179.9,167,154.8,153,151.6,149.7,144,136.1,131.7,132.5
No. 76,(蕪),wu,1,470,255.4,271.5,295.1,322.7,324.6,324.4,330.6,343.1,349,338.7,338.3,340,348.5,342.1,330.1,328.1,324.4,331.5,323.7,315.1,308.5,307.6,314.7,299.1,288.4,280.1,277.6,267.7,243.7,233.7
No. 76,蕪,wu,2,457.7,243.6,246.4,258.3,279.3,299.2,303.5,314.9,321.7,336.3,347.5,345.6,347.9,347.5,362.3,369.1,356.9,354.2,355.8,371.6,367.2,355,351.6,351.6,361.6,350.2,330.7,323.2,312.9,319.4,316.8
No. 76,(蕪),wu,3,518.4,142.4,137.3,137.6,147.1,146.1,141.6,142,145.6,148.8,145.4,146.5,149.4,159.7,162.7,166.5,176.7,198.6,221.1,238,255.1,275,291,288.7,288.3,289,296.1,283.4,271.7,260.9,262.2
No. 76,(蕪),wu,4,237.7,304.7,315.9,328.6,337.1,346.6,362.6,372.5,374.7,370.4,362.4,353.5,346.9,341.3,337.2,334.5,332,324.5,301.5,277.4,257.2,240.2,219.3,205.9,187.1,173.4,167.4,160.6,151.9,141.3,137.5
No. 76,(胡),hu,1,469.7,309.9,312.6,344.2,353.6,350.5,349.1,352.5,364.7,356.1,344.5,340.7,348.4,352.1,339.6,330.8,324.1,331.4,329.5,312.4,306.7,304.2,310.7,297.6,289.5,284.1,277.7,275.9,259.5,245,236.3
No. 76,胡,hu,2,354.7,263,271.5,300.9,311.1,313.6,320.8,325.9,332.6,351.2,361.9,357.2,352.8,352.7,356.2,365.8,373.2,369.3,362.6,359.1,357.2,360.4,369,365.8,352.6,347.3,343.5,337.2,334.4,328.9,316.3
No. 76,(胡),hu,3,429.6,182.5,172.9,166,162,158,158.9,160.3,157.8,162.6,167.2,176.5,191.4,195.6,202.4,229.5,247,267.7,270.4,272.3,277.6,282,295.7,295.7,286.1,283.8,279.8,284.9,288.5,280.3,278.2
No. 76,(胡),hu,4,209.7,337.3,338.4,339.5,345.5,356.2,369.2,373.9,369.7,360.6,348,342.4,337.2,331.1,321.7,309.6,299.6,291.6,279.5,262.8,243.5,223.1,194.6,175.8,165.6,158.4,148.6,139.6,132.7,129.1,128.6
No. 76,(不),bu,1,485.3,324.1,328.1,340.3,351.4,363.3,365.5,375.7,374.8,366.3,356.2,358.8,366.5,356.1,346.3,340.2,349.5,348,332.6,325.6,325,334.4,316.9,305.2,299.7,303.3,297.1,276.4,268.9,257.4,260.6
No. 76,(不),bu,2,372.4,294.8,295.9,304.4,315,332.5,341.6,355.1,376.1,375.2,369.4,370.5,371.5,378.9,391.8,388.9,381.5,379.4,376.8,380.8,389.7,381.4,371.2,369.7,364,358.5,363.4,359.5,357.5,352.2,345
No. 76,(不),bu,3,430,195.5,190.8,181.2,179.5,178.8,177.3,185.1,186,183.6,187,189.9,198.1,209.2,219.2,227.9,234.3,249.6,271.5,277.3,282.1,289.1,298.1,309.4,298.5,288.9,285.1,284.9,294.6,295.4,281.8
No. 76,不,bu,4,234.8,319.6,324.5,332.7,343,363.7,380.5,386.9,383.8,374.9,366,359.6,351.5,339.6,324.5,310.5,297.7,277.8,258.7,245.5,238.1,203.7,186.6,175.7,166.9,159.1,148.4,149,149.2,149.1,150
No. 76,歸,gui,1,393.1,286.3,298.3,353.6,371.8,369.5,362.4,363.2,368.2,374.3,373,366.9,361.4,354.8,351.4,359.7,355.3,341.9,333.4,327.3,327.7,333.2,324.3,313.4,307.4,296.7,296.4,300.1,278.8,269.3,267.6
No. 76,(歸),gui,2,346.5,325.4,326.6,330.6,329,331.8,340.4,344,359.5,371.7,368,358.6,358.2,360.9,364.1,376.9,379.9,369,365.6,368.6,368.6,373.2,383.2,377.8,367.9,364.4,357.5,345.3,340.3,328,322.7
No. 76,(歸),gui,3,433,199.4,195.3,194.2,191.2,195.3,196,183.9,184.5,183.6,216.6,199.2,203,212.2,223.8,238.5,258.9,264,269.2,276.3,282.6,299.2,298.8,291.5,290.2,290.7,303.5,296.9,280.1,273.7,277
No. 76,(歸),gui,4,191.9,354.4,355.9,358.7,362.7,366.1,372.9,383,386.3,380.8,365.9,358.6,349.3,337.6,326.9,313.9,297.9,281.9,270.7,266.4,252.7,238,223.3,208.6,193.9,179.1,164.4,152.4,145.4,134.2,126.4
No. 76,(既),ji,1,310,366.5,369,368.5,367.7,371.2,374.7,377.2,384.9,391.3,379.5,368.5,365.4,361.9,359.7,363.9,370.2,365.3,356.5,353.1,350.2,341.1,340.1,350,346,325.9,316.7,311.3,303.4,299,302
No. 76,(既),ji,2,363.7,304.7,305.2,312.7,319.4,325.5,348.8,360.1,355.5,355,356.7,357.9,369.6,378.3,369.5,366.2,370.9,374.7,384.8,391.8,379.4,372.5,374.4,372.6,368.3,361,337.1,323.3,321.7,315.6,309.8
No. 76,(既),ji,3,366.6,173.6,170.7,169.7,169.5,172.5,169.3,169.6,173.2,184.6,185.1,186.1,193.8,203.3,212.9,220,228.9,238.6,248.3,257.9,262.8,277.8,292.7,297.3,290.8,286.8,284.3,280.1,285.7,289,288.9
No. 76,既,ji,4,179.7,350,350.8,351.5,354.3,358.5,361.8,364.1,364.4,362,358.6,354.9,352,349.7,346.8,339.8,323,306.3,289.6,272.8,256.1,239.3,225.6,212.4,199.3,186.2,173,166.3,159.2,151.5,145.1
No. 76,(自),zi,1,372.2,296.2,297.6,310.8,331.9,353.9,375.7,377,370.8,371.1,367.6,368.6,382.3,378.5,366.7,366.6,361.9,360.7,372.5,367.6,352.6,346.1,339.3,336.7,343.5,338.7,322.8,310.4,298.1,289,286.7
No. 76,(自),zi,2,340.8,326.5,327.6,333.2,332.8,334.4,341.2,346.4,359.2,375.2,372.9,368.8,373.5,379.3,387.6,407.5,421.3,418.3,420.7,435.7,435.3,420.1,415,401.2,378.9,368.4,369.7,363.4,355.9,350.7,343.5
No. 76,(自),zi,3,452.1,170.8,164.7,161,160.7,161,162.8,166.6,164.7,167.4,171.6,176.4,187.7,191.3,196.8,206.2,228.9,239,241.7,251.9,265.9,289.2,298.7,292.9,289.1,284.8,284.5,282.3,268.8,273.9,276
No. 76,自,zi,4,203.3,348.1,349.5,353.8,360.1,368.1,379.8,386.7,385.8,375.4,365.7,356.8,348.6,328.5,305.9,289.8,284.1,272.1,249.1,234.9,220.6,207.1,198,188.9,179.8,170.8,161.7,152.6,143.5,134.5,131.4
No. 76,(以),yi,1,382.3,309.3,319.2,326.9,339.2,345.4,353.3,369.7,371.5,363.8,364.1,367.7,369.5,372.1,361.5,350.5,349.2,345.7,346.8,354.4,341.6,335,334.6,323.4,323.3,324.8,303.2,291,280.5,270.3,262.5
No. 76,(以),yi,2,406.7,285.6,286.4,291.1,304.4,330,331.3,338.4,346.8,348.3,362.7,370.2,364.8,365.9,367.7,371.9,384.9,381.1,374.2,372.9,372.7,384.2,384.9,368.7,361.7,357,358.9,364,336.6,306.5,292
No. 76,以,yi,3,355.1,151.8,150.4,150.4,151.1,153.9,163.2,165.9,179.8,178.7,186.8,195.5,200.7,208.1,215.5,221.4,227.5,235.2,242.8,248.5,253.9,262.7,267.9,287.5,290.2,286.4,283.7,281.9,282.5,286.9,286.3
No. 76,(以),yi,4,200.5,331.5,332.2,332.1,332,332.6,334.1,336.2,338.9,339.5,339.3,338,334.7,329.1,320.9,307.2,293.6,279.9,266.2,240.9,217.5,200,194,188.5,182.8,172.7,162.7,154.2,152.5,143.2,134.5
No. 76,心,xin,1,346.3,356.6,358.7,360.8,366.3,363,360.9,359.8,359.4,370.4,378.3,368.2,362.7,362.7,360.3,363.9,372.9,364.5,349.8,340.5,332.3,328.5,326.3,321.1,315.9,306.2,296.4,291,290.9,288.5,278.6
No. 76,(心),xin,2,286.4,310.6,311.1,312.1,313.9,315.6,320.8,327.4,332.2,335.5,343.5,359.3,363,360.2,359.4,362.7,364.6,367.5,376.4,388.3,388.8,383.7,382.9,388,389,389.6,395,390.9,386.3,370.3,360.6
No. 76,(心),xin,3,292.1,167.7,164.4,161.3,159.3,157.6,158.4,168.3,170.3,170,168.9,171.1,181.2,191.2,201.2,211.2,221.2,230.7,237.1,243.6,252,264.8,274,287.7,292.3,292.3,291.7,291.3,288.4,285.5,285.5
No. 76,(心),xin,4,225,325.3,325.9,326.9,332.7,338.6,343.5,347.2,349.5,353.2,357.5,360.4,359,344.9,329.2,311.7,294.6,285.2,275.8,266.4,257,247.6,238.2,228.8,219.4,210,200.5,185,168.6,157.1,157.9
No. 76,為,wei,1,399.4,282.6,289,301.8,318.5,343,356.3,372,378.4,377.9,384,395.2,389.9,378.5,374.2,369.8,375.4,383.2,366.7,356.9,349.4,345,353.5,349.7,329.2,323,316.6,313.1,314.4,285.4,280.3
No. 76,(為),wei,2,380,306.3,307,317.6,321.9,328.9,335,340.9,349.5,366.7,369,365.9,369.9,373,376.9,387.6,382.3,375.2,375.2,372,374.9,383.1,376.8,369.8,367.7,365.9,368,367.6,348.4,322.6,318.1
No. 76,(為),wei,3,469.7,161.6,167.7,172.2,170.1,171.8,173,178.8,181.4,178.3,178.8,182.2,191.1,202.3,206.3,217,227.8,248.2,249.3,250.9,259.7,271.5,285.4,278.8,277.6,279.4,285.2,289.7,280.7,282.4,283.9
No. 76,(為),wei,4,254.4,282.2,285.2,292.3,300.9,312.4,334.6,344.3,340.1,334.7,333.6,334.6,335,336.4,338.1,339.4,335.2,320.1,303.2,290.9,278.5,266.2,253.8,241.5,229.2,216.8,204.5,192.1,179.8,168.4,169.6
No. 76,(形),xing,1,429.6,345.8,352,364,373.5,375.3,390.6,387.1,382.7,382.2,379.1,394.1,385,370.3,367.9,366.3,374.1,368.2,353.7,350.2,347,351.7,345.1,327.1,319.1,315.3,313,308.9,291.4,277.9,276.6
No. 76,形,xing,2,358,286.5,288.8,300.6,311.8,329.2,340.9,337.7,339.4,346.4,351.4,362.6,375.8,373.1,371.3,377.9,378.9,384.3,400.2,409.8,399.8,390.9,390.8,386.7,384.5,370.7,353.4,345,337.1,325.9,319.3
No. 76,(形),xing,3,292.1,165.6,166.2,170.2,180.6,174.5,186,190.2,194.5,199.2,205,212.6,217.6,228.8,240,249,249.7,255.8,262,269,277.9,288,293.8,286.5,282.2,280.2,278.1,278,282.7,287.6,287.8
No. 76,(形),xing,4,180.4,366.6,367.7,372.4,379.9,381.7,382.7,382.9,375.5,365.1,352.3,340.9,330.7,324.7,319.1,313.9,304,292.1,280.3,268.4,256.6,244.7,233.4,223.3,213.3,203.1,190.5,177.8,165.2,163.8,164.3
No. 76,(役),yi,1,464,287,296.3,328.7,340.7,345.2,355.1,363.5,402.6,396.1,383.6,371.9,369.7,384.2,370.6,363.1,359.2,361,369.1,355,344.7,340.7,347.6,353.5,338,331.8,327.4,328.2,322.6,301,289.2
No. 76,(役),yi,2,380.9,281.3,284.4,293.9,298,311.2,319.9,335.6,347.2,346,349,357.3,361.6,373.1,375.9,373,376.4,376.9,380.1,395.1,393.7,385.3,382.7,379.3,382.3,394,382.3,360.5,343.7,324.5,309.8
No. 76,(役),yi,3,360.8,179.5,178.6,181.7,186.8,193.8,204.7,214.4,215.1,218.3,222.7,228,239.8,251.5,251.9,257.8,269.8,277.2,290.4,305.5,302.4,303.4,310.5,314,319.9,325.9,316.9,309.2,302.9,294.2,283.3
No. 76,役,yi,4,259.3,284.1,287.5,293.5,304,317.8,330.7,339.7,342.2,347.3,353.2,359.3,371.8,385.4,398.3,406.7,403.5,388.9,358.7,341.4,324.1,306.8,289.5,272.2,254.9,237.6,220.3,203,185.7,168.4,157.2
No. 76,奚,xi,1,386.6,390.2,392.9,392.4,390.3,400.5,399.9,390.3,394.5,386,372.5,367.8,363,363.3,369.6,359.8,348,340.7,333.6,336.9,340.6,323.9,313.5,308.6,301.3,307.8,304.1,288.4,278.9,275.4,276.6
No. 76,(奚),xi,2,336,309.5,311.6,332.6,346.6,348.6,352.6,356.9,359.3,368.3,390.9,393.8,389.1,388.3,390.3,394.3,412.6,423.3,424.1,415,411.5,409.6,407.3,404.6,391.5,362.9,341.5,327.2,319.5,319,325.5
No. 76,(奚),xi,3,326.5,180.3,177.6,180.7,184.6,189.1,194.7,200.2,205.8,211.3,216.8,221.7,223.3,227.1,232.7,235.1,238.3,243.1,249,253.6,255.1,260,261.6,267.1,274.2,273.9,262.7,260.3,261.2,261,261.4
No. 76,(奚),xi,4,217.7,347.3,348.6,349.9,351.7,356.3,360.8,364.2,365.3,359.5,340.3,323.8,312.2,294.5,283.3,271,256,241,226,216,211.2,206.5,199.3,191.6,183.9,176.2,168.6,160.6,152.2,143.9,143.4
No. 76,(惆),chou,1,518.4,346.3,349.1,344.8,337.4,353.9,364.4,353.5,352.9,355.7,359.2,344.6,339.7,333.9,341.2,334,317.9,307.8,312.5,311.4,294.7,293.7,288.6,292.3,277,272.9,270.4,273.6,266.3,250,240.8
No. 76,惆,chou,2,363.8,267.3,266.2,259.8,260.7,271.3,283.9,295,299.6,301.9,311,319.9,337.5,350.8,354.2,356.7,362.7,365.3,374.7,390.1,391.5,389.9,390.6,383.8,375.8,372.1,362,337.5,320.9,303.3,292.6
No. 76,(惆),chou,3,430.6,194,168.4,163.9,163.1,164.1,169.7,169.7,170.6,176,188.2,197.6,198.3,198.2,208.3,226.7,241.8,244.1,244.8,252.5,260.3,268,264.4,255.1,257.6,259.5,265.5,265.8,250.3,248.2,251.9
No. 76,(惆),chou,4,154.7,338.8,340.1,336.3,330.8,323.4,315.8,312,308.5,308.1,308.6,311.5,313.9,315.6,314.8,311.4,298.1,278.9,265.9,254.9,249.4,244.5,241.3,236.3,219.7,205.9,200.1,193.2,184.4,180.4,181.1
No. 76,(悵),zhang,1,389.5,327.2,328.8,331.1,333.4,335,339,349.2,360.3,355.6,352.4,349.8,347,356.1,360.9,345.9,338.9,335.7,338.1,348.2,343.6,331.6,327.5,323.1,323.5,330,333.3,339.2,336.8,338,341.3
No. 76,(悵),zhang,2,412.3,268.7,265.8,268.1,282.5,293,292.9,299.7,306.2,324.8,335.6,331.6,337,343,354.2,369.1,363.4,359.2,361.8,364.2,375.5,375.4,357.4,358.8,361.4,361.3,365.6,362,359.1,355.8,350.5
No. 76,(悵),zhang,3,343.7,155.7,153.7,159,163.1,161.4,160.1,163.3,165.2,166.7,179.7,186.4,188.6,193.1,198.9,201.8,204.8,221.1,230.2,231.8,236,242.7,255,267.5,280.1,283.7,283.7,283.3,282.3,282.1,284.2
No. 76,悵,zhang,4,209.1,316.4,317,317.5,318.3,320.1,323.8,331.9,339.6,345,346.7,338.1,326.4,312.9,300.2,289.6,279,268.1,259,253.3,248.6,242.1,235.6,229.1,222.5,216,209.5,202.9,195.9,184.4,172.7
No. 76,(而),er,1,441,288.1,299,322.4,342.5,339.7,339.9,346.6,350.8,365.2,363.5,358.1,351.1,346.3,357.7,353.4,342.1,333.2,324.8,331,325,310.7,303.5,298.3,302.2,295.3,277.1,267.1,252.7,242.4,239.8
No. 76,而,er,2,340.8,283.9,285.7,310.4,326.8,332.2,339.6,347.2,352.7,366.8,380.5,377.5,373.6,371.7,366.9,374.2,388.1,388,375.5,368.3,367.9,367.8,375.9,384,377.3,367.6,359.6,352.6,344,331.6,322.9
No. 76,(而),er,3,452.5,175.8,170.9,169.6,170.3,172.4,176.5,179.6,175.5,177.8,183.9,198,207.8,209.7,217.1,222.8,236.4,242.8,246.3,257.9,266.1,283.2,290.6,291,291.8,287.5,294.3,299.5,290,282.3,279
No. 76,(而),er,4,252,311,311.7,312.7,313.6,315.2,317.1,316,312.3,311.2,311.5,306.9,295.9,282.9,271.6,254.2,236.7,227.4,222,216.6,210.6,204.5,198.4,192.4,186.3,174.9,162.5,150.2,142.3,141.8,143.2
No. 76,(獨),du,1,359.1,408,410.1,405.1,400.6,401.3,404.9,403,412.7,411.9,397.5,388.8,384.8,381.1,386.1,393,379.7,365,357.3,350.8,350.7,356.1,347.4,331.9,321.7,313.6,307.8,305.4,295.2,270.7,253.4
No. 76,獨,du,2,356.9,332.4,337.6,336.8,336.8,344.3,351.3,365.7,370.3,365.7,364.2,367.8,370.1,376.8,387.7,385.8,378,374.7,374.2,379.8,389.5,387.5,379.1,377.2,372.6,371.9,381.7,383,370.9,356.4,346.8
No. 76,(獨),du,3,421,176.8,172.4,169.7,160,154.9,153.9,154.6,156.7,157.5,159.4,161.7,169,179.1,189.7,193.5,201.7,226.8,246.7,259.5,262.9,269.3,278.8,289.1,301.4,301.7,298.7,299.2,298.8,306.3,307.5
No. 76,(獨),du,4,186.7,362.3,364.1,367.1,373.5,374.9,373.8,375.7,381.9,391.9,390.6,385.7,376.3,367.8,358.6,347.4,336.8,326.3,315.5,303.7,291.6,281,273,267.2,246.9,226.5,206.1,200.2,195.5,189.6,184.4
No. 76,悲,bei,1,326.5,338.2,348.1,359.4,362.7,364.7,382.2,384,376.6,372.5,368.6,363.7,364.7,370.9,365.9,354.3,351.2,349.2,344.3,346.2,352.4,346.3,330.3,323.1,318.4,313.3,316.5,319.3,305.8,289.7,283.6
No. 76,(悲),bei,2,277.8,288.1,291.4,297.4,304.1,311.3,317.8,326,338.9,350.6,363.9,368.8,364.7,362.4,364.8,365.9,364.1,365.4,374.1,377.3,372.7,370.1,369.5,369.1,369.5,372.4,374.1,373.4,372.8,372.1,371.4
No. 76,(悲),bei,3,303.6,199.9,198.1,198.4,204,213,216.6,215.9,216.9,222.2,226.2,229.6,235.1,250.4,254.7,254.2,254.8,259,264.1,271.5,281.8,286.7,285,281.2,278.7,277.6,278.5,294.4,307.7,313.3,314.6
No. 76,(悲),bei,4,200.5,329.7,330,331.9,340.2,346.4,352.1,357.6,362.7,363.3,358.1,349.2,341.5,335.2,330,323,313.7,298.6,283.6,268.5,253.4,238.3,223.3,208.2,193.1,182.5,176.2,169.9,163.6,158.6,159.3
No. 76,(悟),wu,1,397,307.4,337.1,351.1,367.2,393.1,398.2,394,391.8,390.4,398.5,409.7,402,390.3,383.8,380.8,390.1,390.1,374.7,361.8,355.5,354.5,357.3,345.4,329.4,323.6,314.1,307.8,302.2,281.2,257.2
No. 76,(悟),wu,2,400,320.9,325.6,336.4,352.4,372.5,399.2,405.1,400.2,402.3,403.7,415.7,424.8,413.1,409.1,411.4,409.5,418.2,418.9,409.2,410.6,407.9,407.6,414.3,402.9,387.4,383.1,371.1,364.8,369.6,368.7
No. 76,(悟),wu,3,426.7,161.6,167.2,170,170.2,170.6,172.2,180.6,190.6,192.4,198.3,210.3,222.2,237.1,241.6,254.8,265,274.9,295,301.5,300.3,305.2,308.5,317.7,326.3,321,320.1,317.1,313.3,310.7,274.6
No. 76,悟,wu,4,315,283.1,285.3,293.1,305.8,323.4,349.2,382.5,416.7,439.9,426.2,408.6,391.1,375.7,366.9,353.1,337.1,326.5,309.9,284.8,263.7,248.7,227,209.9,196.4,188.1,178.8,167.2,156.3,153.3,155.3
No. 76,(已),yi,1,380.9,368.1,370.3,373.4,376.4,377.6,388.7,395,383.5,375.6,373.3,373,379,378.8,365.5,358.7,353.7,350.8,355.1,356.8,344.7,336,331,325.6,324.3,313.2,297.2,290.3,283.4,271.5,270.6
No. 76,(已),yi,2,366.6,313.8,315.7,330.3,333.5,344.5,354.4,359.8,373.3,384.6,377.3,378.5,385.5,387.4,393.8,407.2,401.1,395.4,396.4,393,394.4,401.9,392.9,377.6,370.6,366.9,370.4,382.3,380.9,365.6,359
No. 76,已,yi,3,349.4,172.2,166.2,168.1,170.3,175.4,183.7,185.1,191.4,197.9,204.6,211.4,218.2,225.9,238.6,251.3,264,272.7,280.6,285.6,285.7,288.2,289.6,289.1,295.9,303.6,296.3,291.3,287.6,280.7,278.3
No. 76,(已),yi,4,151.8,336.4,343.6,352,358.8,365.5,370.9,376.4,381.9,384.9,377.8,370.4,362.6,353.3,341.4,331.7,324.3,319.5,316.9,315.2,314.1,305.6,294.4,283.2,272,260.8,249.6,238.4,227.3,216.1,204.9
No. 76,(往),wang,1,355.6,339,340.3,339.7,338.4,338.3,342.1,349.7,363.3,367.3,358.9,356.2,357.6,354.4,359.2,361.9,353.6,350.6,349.5,345.3,346.9,353.7,347.3,336.9,334.3,340.8,342.9,346.4,344.1,341.1,338
No. 76,(往),wang,2,380,271.8,280.1,275,274.1,288.2,298.6,316.3,335.2,337.4,341,348.7,352.9,364.2,371.5,367.2,366.4,367,366.7,373.9,380.9,375.6,365.4,361.9,361.8,364.5,366.4,366.2,364.1,366.7,364.6
No. 76,往,wang,3,354.9,165.6,163.8,160.3,158.6,152.8,157.2,160.9,158.7,154.4,151.8,151.4,154.8,161,163.2,162.9,166.7,171.1,175.8,193,196.5,196.6,201.4,210,218.3,240.4,253.3,255,263.4,271.9,276.7
No. 76,(往),wang,4,227.3,321.5,323.6,327.8,331.7,339.3,348.4,356.5,360.1,356.9,352.7,347.8,341.7,330.3,311.2,296.3,285.4,275.4,265.6,255.2,244.6,235.2,230,212.1,195.2,179.1,164.7,163.3,160.3,159.4,160.4
No. 76,之,zhi,1,326.5,360,361.3,368.1,374.5,376.1,375.9,379.3,387,385.3,372.7,365.1,362.4,359.1,361.5,368.1,361.7,348.5,342.2,340.1,336.4,337.2,338.2,322.8,311.6,304.8,297.9,290.7,287.8,286.1,287.2
No. 76,(之),zhi,2,332.2,330.9,333.9,338.9,342.8,350.3,356.7,357.6,364.7,374.7,373.6,372.1,373.2,371.7,375.3,387.4,390.7,384.7,383.7,382.7,375.5,374.9,381.6,374.9,361.1,350.1,344.9,339.5,342.8,353.6,349.8
No. 76,(之),zhi,3,320.7,180.6,176.9,177.4,178.4,179,185.9,193.8,201.7,209.6,225,242.9,247.2,276.7,295.8,297.5,297.5,296.7,288.6,282.3,282,281.3,280.4,285,287.2,275.5,270.7,273.5,278.4,280.9,284.7
No. 76,(之),zhi,4,186.2,391.5,394.1,398.8,400.8,400.7,396.9,391.3,383.6,372.9,362.7,354.2,348.2,341.2,327.8,314.5,301.1,287.8,272.9,256.9,244.3,231.9,219.4,206.9,194.4,182,176.3,172.9,169.4,168.8,169.7
No. 76,(不),bu,1,369.5,355.2,363.5,377.5,382.4,387.5,392.7,393.6,399.6,397.7,386.4,383.8,381.3,377.7,387.6,390.3,377.6,368.5,363.8,358.1,361.4,361.9,350.7,332.5,323.8,315.7,314.1,308.1,294.2,285.1,274
No. 76,不,bu,2,290,310.2,317.8,334.1,352,365.4,371.1,372.8,375,378.6,382.7,390.9,404.9,416.1,428.6,441.3,445.6,446,445.4,444.8,444.2,443.6,443,419.3,391.3,383.9,380.2,379.4,377.2,372.9,368.7
No. 76,(不),bu,3,380.9,176,177,177.9,190.9,195.5,194.9,192.6,195.1,201,217.8,229.7,231.7,232.8,236.5,245.5,256.8,271,275.2,275.2,278.7,286.2,295.8,304.4,296.8,299.7,304.2,295.6,307.1,307.3,305.2
No. 76,(不),bu,4,197.1,345.4,346.1,346.9,349.3,354.1,362.8,369.9,374.9,377.2,376,374.2,372.4,371.5,368.5,363.1,341,316.5,290.7,273.2,259,247.7,241.2,220.9,198.3,193.3,187.5,179.9,167.8,154.3,145.1
No. 76,(諫),jian,1,332.4,369,371.7,372.5,371.3,375.9,379.1,378.9,387.1,396.1,387.5,378.4,379.1,379.4,376.7,379.5,374.9,361.9,356.3,358.2,357,355.2,361,361.2,349.9,343.6,341.8,343.1,358.1,356.1,355.1
No. 76,(諫),jian,2,321.6,308.9,310,308.3,305.1,309,315.9,318.4,324.1,332,329.2,327.3,333,339,342.4,349.6,363.3,367.8,367.5,369.4,372.7,375,380.6,394.1,398,389.1,380.8,376.9,376.5,374.8,370.6
No. 76,(諫),jian,3,306.5,158.5,156.1,154.8,154.1,157.6,162.7,167.9,166.4,164.3,163.8,164.1,167.2,176.5,184.3,186.7,189.1,195.5,206.6,217.6,228.7,239,244.7,247.2,251.6,258.3,266,273.8,285,291.1,292.1
No. 76,諫,jian,4,210.8,329.7,332.2,338.7,346.3,351.1,351.9,345.4,338.1,330.5,322.9,314.5,308,301.9,294.4,286.7,276.7,264.8,252.9,241,229.1,217.2,205.3,193.4,181.9,171.3,160.6,150,140,132.6,132.1
No. 76,知,zhi,1,369.5,360.1,362.3,366.7,373.6,388,387.8,384.6,380.9,373.8,375.3,385.9,380.1,368.3,366,361.4,359.8,368.1,363.4,349.4,342,337.2,337.3,342.5,338.4,321.1,314.2,308.6,304,304.8,305.2
No. 76,(知),zhi,2,297.9,328.1,328.6,331.5,333.3,335.3,340.7,346.2,351.4,360.4,366.9,364.2,361.7,363.7,365.9,366.9,371.2,383.8,389.1,380.9,376.8,379.7,384.3,387.1,388.5,389.9,381.7,364.3,348,335.9,332.8
No. 76,(知),zhi,3,480,183.5,176.4,175.4,173.5,175.3,176.6,174.8,174.9,176.5,188.1,190.7,196.9,203.9,222.3,241.4,248.1,262.4,272.2,297,309.7,306.3,307,308.8,316,303.3,294.1,286.9,286,296.9,299.9
No. 76,(知),zhi,4,180.4,350.2,351.1,353,358.6,362.7,365.7,365.8,365.5,364.6,366.6,368.6,367.8,359.9,346.8,333.7,320.6,307.5,294.4,281.3,268.2,255.1,242,231.8,221.8,211.8,201.8,191.8,181.9,171.9,161.9
No. 76,(來),lai,1,426.7,298,301.6,308.6,319.5,328.5,344.1,358.8,357,355.5,356.1,362.8,373.1,362.1,353.6,349.9,350.9,357.9,348.9,335.1,330.8,329.1,332.8,323.6,311.5,303.2,296.8,297.1,287.4,272.4,259.2
No. 76,來,lai,2,375.2,258.8,258.9,260.3,262.2,269.4,278.4,294.6,320.3,333.2,334.5,337.2,341,347.8,359.4,367.4,364.9,363.2,364.1,364.1,370,362.7,346.2,342.4,357.9,380.4,402.1,394.3,372.9,352.1,343.2
No. 76,(來),lai,3,528.3,166.5,160.6,156.1,152.8,155.8,154.4,151.1,150.7,152.8,155.3,152.8,152.3,155.5,166,165.7,167.6,172,185.6,190,194.6,200.7,217.4,229.3,234.8,257.5,268.1,281.5,273.5,277.4,280.4
No. 76,(來),lai,4,209.6,310.7,312,314.7,318.2,328.5,342.7,347.2,351,352.8,352.2,350.2,348.1,345,338.7,329.6,322.5,318.2,314,303.5,290.3,277.1,263.9,250.7,237.5,224.4,211.2,198,185,179.2,177.7
No. 76,(者),zhe,1,349.4,364.6,368.9,388.5,398.7,391,380.2,376.2,373.6,377.7,384.7,375.4,362.9,357.7,355.4,355.5,359.7,355.3,341.6,334,329.7,323.4,323.5,324.1,311.7,299,292.7,284.9,277.8,273.7,274.3
No. 76,(者),zhe,2,403.8,324,325.9,328.8,328.8,333,338.9,351.2,362.2,354.4,348.5,351.6,358.6,366.3,361.7,350.8,348.4,350.6,352.6,358.9,351.3,343.6,340.4,337.1,342.9,338.5,326.5,321.5,314.4,317.2,322.6
No. 76,者,zhe,3,432.5,181.3,176.1,177.4,178.7,176.4,176.6,179.2,173.9,169.3,168.1,172.2,181.2,183.3,185.7,192.9,205.7,224.3,239.5,243.2,247.7,252.2,269.8,275.5,271.4,269,272.5,285.3,294.1,279.9,266.9
No. 76,(者),zhe,4,191.9,349.1,350.6,352.1,353.6,359.1,366.7,374.8,380.6,383.7,377.7,366,350.8,334.6,322.5,313,302.9,282.9,257.2,248,238.7,229.5,220.2,211,201.7,192.5,183.2,173.9,154.9,145.8,146.8
No. 76,之,zhi,1,309.3,344.8,349.1,357.2,363,366.1,368.9,376.6,384.2,381.6,375.8,372.7,369.5,365,364.2,370.4,373.4,366.9,358.6,351.6,346.8,347.7,353.7,351.9,336.9,326.7,320.4,313.8,312.2,316.5,316.1
No. 76,(之),zhi,2,283.5,314,316,326.1,334.7,341.7,351.2,368.9,375.8,372.3,368,366.9,367,368,374.7,386.5,389.2,384.7,380.8,379.6,380.4,382.5,389.4,398.1,396.5,386.2,376.2,367.7,357.6,348.1,342.5
No. 76,(之),zhi,3,470,190.4,185.4,182,179.1,178.4,183.3,184.1,176,178.2,181.7,191.5,195.8,197.9,217.6,225,244.6,249,258.5,270.7,285.9,306.9,303.6,300.4,295.1,296.8,300.7,287.4,281.6,282.5,286.6
No. 76,(之),zhi,4,171.8,368.7,370.2,371.6,374,382.6,388.7,391.7,393.6,395,396,394.9,390.3,377.2,360.4,343.5,326.7,309.9,293,276.2,259.3,242.5,225.6,210.8,197.5,189.4,182.1,174.8,168.3,162.5,162.1
No. 76,(可),ke,1,509.9,364.4,369.5,378.5,363.1,356.7,353.9,364.4,353.8,342.8,338.3,339.4,338.4,326.3,320.4,317.3,321.4,310.4,302.9,297.7,303,295.9,286.4,277.9,276.6,272.7,258.7,244.9,232.5,214.9,211.4
No. 76,(可),ke,2,429.6,328.5,336.5,342.4,343.6,348.4,350.2,359,371.4,365,361.2,355,356.1,367.6,363.1,355.7,357.6,359.6,366.3,366.9,356.1,352.2,358.9,359.7,363.1,360,360.5,359.5,359.6,361.3,355.6
No. 76,可,ke,3,343.7,154.9,152.2,152.3,157.9,163.7,164.4,164.5,167.2,170.3,178.5,190.9,194.4,197.7,204.6,211.7,225.6,243.5,250,250.1,253,257.3,261.5,267,276.8,278.9,284.4,288.6,289.3,285.5,282.5
No. 76,(可),ke,4,140.3,348.5,349.8,352.4,354.5,354.6,353.9,347.6,341.2,332.6,324.1,312.7,301.2,291.1,281.1,272.6,264.4,256.5,248.8,241,233.3,225.5,217.8,208.3,197.6,186.9,176.2,165.6,154.9,148.7,149.6
No. 76,追,zhui,1,435.3,370.3,375.4,381,381.6,383.2,399.2,393.7,382.7,381.3,373.3,382.8,384.2,367.7,362.6,356.2,360.2,360.7,343.4,338.4,334.8,340.1,342.9,325,316.1,307.8,304.2,300.8,286.7,268.8,265.5
No. 76,(追),zhui,2,340.8,281.3,281.3,282.7,306.7,326.8,332.2,333.4,336.9,341.5,347.5,358,372.4,372.7,366,366.3,370.4,372.8,382.4,390.9,384,377.8,376.6,375.5,375.7,377.3,367.4,347.6,342.4,342.3,335.1
No. 76,(追),zhui,3,401,187.5,183.4,178.6,171.8,164.8,162.8,162.6,158.4,154.4,156.8,160.9,172.7,176.2,177.3,181.4,188.5,195.6,209.9,225.1,240.4,246.9,250.6,255.8,270.3,267.1,265.2,266.3,266.7,271.9,276.2
No. 76,(追),zhui,4,174.7,345.9,347.4,350.1,354.5,360.5,367,370.7,363.5,356.4,349.3,343.2,337.6,332.6,323,309.7,300.7,293.3,289.2,285.3,281.5,270.1,258.1,246.1,234.1,222.1,210.1,198.1,186.1,174.1,162.1
No. 76,(實),shi,1,231.9,382.3,384.8,388.6,388.1,387.5,389.2,389.9,387.5,383.3,387.7,393.3,393.8,385.8,374.5,368.3,363.4,358.8,354.7,354.5,359.5,361.1,356.3,345.2,336.5,331.6,326.5,320.6,314.5,312.1,313.4
No. 76,實,shi,2,315,294.1,294.2,298.8,302.3,309.4,317.4,322.9,331.9,344.1,346.6,342.6,343.6,350.9,357.7,366.3,379.6,388.7,395.8,402.8,409.9,418.1,426.8,409.4,386.4,364.9,362.2,358.2,366.4,369,363.8
No. 76,(實),shi,3,320.8,156.4,152.4,151.1,150.8,152.5,153.4,150.3,150,159.1,164.9,175.1,179.3,180.8,183.9,195.1,206.3,217.5,228.7,239.9,249.2,257.8,266.3,269.5,271.9,278.3,283,277.8,271.2,270.4,271.7
No. 76,(實),shi,4,186.2,343.6,344.4,345.2,346.4,348,346.7,345.8,345.7,346.7,347.2,346.5,345,343.4,343,329.6,308.9,288.2,267.5,246.8,226,211.1,204.4,197.7,191,184.3,178.7,173.5,168.3,166.9,167.9
No. 76,(迷),mi,1,355.1,365.9,367.8,366.9,362.9,362,362.6,365,375.8,382.6,377.1,373.2,371.7,371.1,376.4,385.2,374.2,365.2,360.4,358.1,361.7,364.7,358.3,348.9,339.8,332.9,331.3,332.1,330,308.8,300
No. 76,迷,mi,2,366.6,271.2,270.1,279.5,283.1,292.3,299.3,305.9,325.8,334.9,336.1,338.8,345.8,351.6,360.3,368.4,374.8,377.4,379.8,384,397.2,395.3,385.8,384.4,382.8,382,388.4,384.1,371.2,366,361.9
No. 76,(迷),mi,3,323.6,161.5,157.8,157.9,160.4,162.8,165.3,169.2,182.3,195.4,208.6,221.7,234.9,248,259.6,270.9,282.3,292.6,300.1,304.1,304.4,306.3,309.5,309.7,310.4,317.1,320.3,310.7,299,293.6,294.1
No. 76,(迷),mi,4,189,392.3,392.8,390.6,386.3,381.3,377.2,373.9,370.9,365.8,360.7,355.7,355.5,355.8,356.9,353.8,346.3,332.9,319.5,306.1,292.7,279.3,265.9,252.5,239,225.6,212.2,198.8,185.4,172,167.5
No. 76,(途),tu,1,423.9,351.4,354,354.6,356.2,362.5,363.2,374.5,375.1,367,369.1,366.4,371,373.8,361.4,358.2,354.9,352.8,354.5,341.9,332,325.4,322.9,326.7,314.9,294.8,283,277,272.8,262,261.8
No. 76,途,tu,2,306.4,266.9,280.8,290.9,303,323.2,342.7,351.4,354,358.6,365.1,368.6,374.9,387.3,395.9,393.7,390.1,390.3,389.1,387.3,390.2,397.7,398.3,387.6,373.2,361,357.4,355.8,352.5,340.8,317.3
No. 76,(途),tu,3,335.1,135.3,136.3,139.6,142.8,146.1,149.4,152.8,155.4,157.8,166.2,172.7,179.9,183.4,188.3,194.7,204.7,236.6,247.5,252.5,258,263.8,267.1,272,279.9,280.5,279.4,281.4,281,282.1,283.3
No. 76,(途),tu,4,183.3,328.6,329.3,330.8,334.2,336.2,337.3,337.5,337.7,337.9,338.1,338.2,338.4,331.8,323.5,314.5,299.9,282.8,270.9,261.1,253.7,244.8,235.7,226.6,217.6,208.5,199.4,190.4,181.3,182,182.8
No. 76,(其),qi,1,312.2,346,347.4,351,356,358.4,358.6,363.4,375.5,370.7,363.5,361.8,358.7,352.9,354.6,362.8,360.5,349.8,344.4,342.1,336.9,335.4,342.8,341,324.8,318.4,313.8,306.7,299.3,297.1,296.8
No. 76,其,qi,2,302.4,293.2,293.1,296,305.4,312.9,317.5,333.7,346.8,343.2,337.2,336.4,338.5,342.2,352.3,366.6,363.9,357.3,357.1,361.4,364.6,369.3,379.3,380.2,365.6,357.4,350.1,337.9,320.6,312.3,309.9
No. 76,(其),qi,3,,,,,,,,,,,,,,,,,,,,,,,,,,,,,,,
No. 77,歸,gui,1,270,330.1,329.9,335.4,338.8,347.9,359.8,366.6,358.3,348.6,346.3,344.4,341.1,342.5,349.6,350.9,340.1,329.4,325.4,323.2,319.8,317.7,319.3,319.3,312,300.4,290.1,281.9,276.7,272,264.2
No. 77,(歸),gui,2,298.4,275.8,279,285.3,292,299.8,321.1,337.3,340.5,334.8,331.9,330.9,331.3,335.8,347.5,356.2,352.2,349.1,349.3,349.5,350.4,355.6,361.7,358,348.1,340.7,333.4,323.8,316.2,310.5,306.9
No. 77,(歸),gui,3,424.2,158.3,156.8,157.3,165.5,178,190.8,194.8,194.9,197.2,192.4,192,193.6,199.6,208.4,223,223.6,227.3,235,249.1,269.3,278,278.5,283.8,289.9,303.6,300.6,286.2,281.3,278.5,276.8
No. 77,(歸),gui,4,188.8,288.1,290.1,292.7,295.1,299.3,305.1,315.7,321.4,323.2,317.5,307.8,294.4,288.8,283.3,277.5,272,266.6,261,255.1,249.2,243.7,234.1,223.2,212.2,201.3,190.4,179.4,168.5,157.6,146.6
No. 77,(去),qu,1,282.2,328,332,338.9,344.1,346.5,352.6,362.4,364,355.2,347.9,346.7,346.4,345,346.8,351.6,350.3,340,333,332.9,333,328.4,325.8,328.8,325.4,310.7,302,295.8,287.5,274.1,263.3
No. 77,(去),qu,2,272,282.2,288.1,295.4,307.9,319.7,324.6,324,324.1,327.1,329.9,332,339,357.8,363.7,360.8,358.2,359.1,361.7,366.2,376.8,391.3,396.7,388,374,364.5,362.5,368,374,371.8,367.4
No. 77,(去),qu,3,371.5,130.2,128.7,127.9,131.9,135.8,136.7,146.4,154,161.5,170.3,180,189.9,203.7,217.6,231.4,247,261.2,264.8,270.4,278.9,288.3,302.4,309.3,302.5,296.3,294,293.2,298.1,297.4,286.1
No. 77,去,qu,4,207,331,335.7,338.7,339.1,334.9,330.3,328.6,330.2,333.4,333.2,329.4,321.1,310.2,299.1,288.1,277,265,252.5,240.1,229.2,218.5,207.7,196.6,185.1,173,160,146.9,137,130.6,124.7
No. 77,(來),lai,1,379.6,247.9,255.6,266.9,275.7,284.6,304.6,321.3,321.6,319.8,322.2,324.2,332.6,340.9,335.2,326.6,322.9,324.2,334.3,336,325.7,318.6,314.1,311.4,316.1,313.3,299,291.4,287.1,282.1,280.2
No. 77,來,lai,2,298.4,231.4,236.2,238.2,242,251.6,262.3,271.2,284,301.4,305.5,309.3,317.1,323.3,326.8,334.3,345.2,348.5,344,342.6,345.8,346.8,346,350.9,353.8,344.9,333.2,329,328.8,328.3,330.2
No. 77,(來),lai,3,525.7,135.5,132.4,127.1,125.9,129.2,131.5,130.6,133.6,138.2,147.1,144.7,147.1,152.4,161.6,163.4,171.5,178.2,189.2,193.7,195.3,203,217.7,230.4,240.3,263.5,269.7,277,265.5,257.2,249.6
No. 77,(來),lai,4,330.9,294.3,287.1,278.5,283.3,291.5,289.1,286.1,284.8,284.8,288.9,300.1,296.8,283.7,274,265.2,254.6,247.1,242.4,227.3,212.2,198.9,184.6,168.5,163.6,151.2,139.5,131.9,127.6,124.7,120.4
No. 77,兮,xi,1,308.5,341.5,345.4,346.6,343.1,340.8,342.1,345.3,357.1,364.4,358.8,351.7,350.5,350.4,351.6,356.2,355.7,343.8,334.7,331.2,326.7,322.4,323.9,328.6,321.9,313.2,305.6,299.4,291.5,287.5,285.7
No. 77,(兮),xi,2,278.1,290.2,292.8,301.3,306.6,312.5,327.7,347,360.2,366.6,372.5,378.6,382.1,386.9,402.2,420.2,419.8,417.4,417.8,419.8,419,416,411.8,404.1,383.9,370.7,363.8,357.1,349.3,343.9,344
No. 77,(兮),xi,3,353.2,150.2,148.7,141.5,137.6,134.9,133.7,132.5,129.9,128,132.2,136.4,138.6,147.8,156.1,166.5,175.9,185.3,196.2,207.2,218.1,224.8,235.1,247.1,259,270.9,282.9,294.3,296.2,297,296.4
No. 77,(兮),xi,4,164.4,321,321.3,322,322.9,324.2,326.9,330.6,334.1,337,329.9,319.3,300.5,285.3,273.3,261.3,249.3,237.2,225.2,213.2,201.2,189.2,178.8,169.2,159.5,150.7,145.7,138.2,127.5,120.5,115.5
No. 77,(田),tian,1,304.5,327.9,328,326.2,326.6,336.5,342.4,338.7,337.2,338.5,336.3,335.8,343.8,351.8,346.2,338.2,335.7,332.5,330.5,336.3,343.1,340.3,333.5,329.8,326,320.1,317.5,321.2,323,315.8,306
No. 77,田,tian,2,328.8,268.9,265,265.2,266.2,269.5,285.3,293.5,291.3,289.7,291,294.8,306.3,324.7,330.3,326.5,327.1,331.2,333.1,340.6,351.7,352.9,348.6,346.6,347.2,348.8,353.8,359.4,354.7,346.5,350.2
No. 77,(田),tian,3,347.1,141.7,141.4,140.5,140,142.8,144.6,152,162.3,164.3,165.3,168.9,173.9,179.7,191.1,199.7,200.4,201.8,206.6,212.3,218.8,230.8,236.9,236.2,239.8,245.7,250.7,261.4,270.8,270.7,268
No. 77,(田),tian,4,294.3,332.9,336.4,344.8,338.8,321.6,321.2,324.4,324.5,316.2,306.7,301,295.9,287.1,278.1,271.8,265.8,255.3,241.9,228.5,215.1,201.8,188.4,175,165.1,156.7,148.2,139.7,131.3,122.7,117.2
No. 77,(園),yuan,1,345.1,326.2,331.1,333.9,334.8,341.8,349.9,349.8,346.7,346.2,342.6,341.1,350.3,355.5,349.4,345.7,342.6,337.1,340.2,347.9,343.3,334.7,328.4,325.4,325.3,333.8,336.7,328,319.7,314.1,310.6
No. 77,園,yuan,2,379.6,271.3,276,288,284,280.5,280.7,284.4,297.2,313.7,310.7,309,315.1,320.7,330.6,341.1,336.6,337.3,340.6,341.4,350.3,356,350.1,347.6,342.6,333.9,334.6,335.8,336.7,341.6,344.1
No. 77,(園),yuan,3,481.1,132.5,130,127.9,126,135.9,139.7,122.5,124.5,133.6,133.4,134,139.5,147,159,161,163.6,171.9,188.8,204.6,212.3,224.2,232.2,247.5,255.2,255.6,259.7,263,272.8,266.7,263
No. 77,(園),yuan,4,274,306.4,306.7,304.4,300.5,297.1,293.5,288.5,286.7,288.4,287.4,280.9,272,262.3,254.6,245.7,235.7,231.8,226.1,211.5,197.7,188.3,179,169.6,160.3,151,148.9,140.9,132.4,123.2,116.6
No. 77,將,jiang,1,373.5,306.1,308.5,310.3,309.8,310.4,322,324.5,318.7,318.9,316.6,318.9,334,332,324.6,323.8,318.3,315.2,323.7,321.7,311.7,308.8,304.7,303.5,310,304.3,292.3,286.1,281,277.2,276.7
No. 77,(將),jiang,2,300.4,276,275,276.2,282.2,288.1,293.7,304.5,311.5,308.9,306.2,309.4,314.6,318.1,324,336.9,340.3,337.2,336.4,338.1,337.2,336.1,341.1,347.7,346.7,340.8,335.6,331.1,332,340.4,342
No. 77,(將),jiang,3,416.1,119.8,118.9,119.6,123.9,129.9,126.8,125.1,125.3,127.8,140.2,145,145.6,147.7,151.3,162.4,173.3,175,179.2,194.3,203.3,226.5,235.5,237.2,246.1,255.7,265.6,278.6,276.6,277,278.2
No. 77,(將),jiang,4,229.4,308.2,308.9,309.2,308.8,307.3,306.6,308,307.2,302.9,295.6,285.3,275.8,264.3,250.3,236.4,222.4,215.7,209.7,200,190.3,180.6,170.9,161.2,151.5,141.8,136,128.6,120.7,116,111.3
No. 77,(蕪),wu,1,428.3,293.6,299.5,310.7,321.6,338.8,357.6,355.7,354.2,358.8,361,369.1,369.5,357.4,355.6,354.8,358.7,355.7,344.9,340.7,335.4,336.7,337.1,321.5,310.5,303.9,295.2,298.9,285.5,261.9,250.6
No. 77,蕪,wu,2,361.3,282.6,286.4,297.4,321.3,341.9,345.1,350.7,358.2,362.1,374.8,390.1,387.8,383.1,381.5,380.2,385.5,397.4,396.4,385,380.3,376.4,374.7,383.4,385.9,369.7,355.7,349.1,339.9,337.8,338.1
No. 77,(蕪),wu,3,499.3,146.9,139,139.8,140.1,146,145.6,144,143.6,146,153.7,152.4,156.9,165.3,175.3,194.8,207.6,232.9,255.4,277.9,284.6,293.8,301.5,319.5,319.5,311.5,302.3,302.8,300.7,280.8,283
No. 77,(蕪),wu,4,274,321.8,321.1,320.8,323.1,326.8,332.5,341.8,352.4,359,356.4,350.3,343.6,339.2,334.1,329.9,330.9,331.5,321,300.3,281.9,263.5,244.1,224.1,201.6,185,175.6,158.7,144.8,132.5,127.8
No. 77,(胡),hu,1,450.6,325,341.3,349.4,359,377.9,378.3,374,372.5,375.7,390.1,384.3,368.8,360.3,356.4,366.8,359.1,342.4,334.6,334,338.5,329.6,317.1,310.7,308.3,309.4,302,288.1,273.1,258.8,260.3
No. 77,胡,hu,2,280.1,289.8,310.5,320.9,323.8,326.2,333,340.8,344.8,352.3,368.4,376.4,374.6,372,372.2,372.7,372.7,376.2,384.5,392.4,391.9,385.8,381.5,378.3,373.6,371.1,375.1,380.4,377.5,366.9,356.4
No. 77,(胡),hu,3,397.9,160.5,157.2,153.9,155.1,159.9,161.9,160.8,162.3,166.9,173,186.3,198,207.3,231.2,239,252.7,271.7,277.3,281.8,284.9,292.1,306.9,311.5,307.8,303,297.1,297.9,302,293,279.1
No. 77,(胡),hu,4,178.6,342.2,342.7,343,343.2,342,339.7,336.9,335.8,338.1,338.6,337.8,329,315.7,296.9,282.7,269.4,256.4,244.8,234.3,208.7,188.9,182.1,172.5,161.8,151.1,140.3,129.6,125.2,122.9,123.8
No. 77,(不),bu,1,389.7,351.1,356,360,365.7,369.4,372,382.3,390.5,377.1,365.2,362.1,365,373.2,366.5,357.3,353.7,348.6,351.4,357.3,348.1,337.6,333.5,328.2,327.8,329.7,318,301.3,287.9,278.7,278.7
No. 77,(不),bu,2,253.7,328.3,330.7,335.7,343.5,347.8,352.1,362.7,375,381.5,379.7,376.5,379.4,385.4,386.5,386.9,393.9,405.4,412,407.3,401.4,400.4,399.4,394.9,389.8,391.3,400.2,405.5,399.6,383.2,370.5
No. 77,(不),bu,3,403.9,157.2,155.6,153.2,152,152,153.9,164.7,165.1,164.9,168.2,172.8,178.1,199.8,201.9,228.5,235.2,241.5,263.1,278.9,283.7,291.5,298.2,307.3,322.7,319.1,311.6,310.9,307.2,309.3,310.8
No. 77,不,bu,4,,,,,,,,,,,,,,,,,,,,,,,,,,,,,,,
No. 77,歸,gui,1,274,333.1,324,333.9,365.7,382.7,385.9,383.9,378,368.7,363.4,361.3,357.5,358.6,365.1,361.1,347.1,337.4,333.7,330.5,327.8,329.2,332.8,331.7,323.3,314.2,307.1,301.3,296.4,292.9,291.5
No. 77,(歸),gui,2,294.3,313.9,314.8,318.9,320,324.9,336.9,343.9,346.5,351.4,361.9,360.2,355.7,355.9,356.1,355.6,360.3,368.6,372.1,367.9,363.9,362.1,360,358.9,363.3,369.2,367.5,361.4,357.1,352.7,347
No. 77,(歸),gui,3,351.2,179.1,176.8,176.6,179.4,185.7,191,189.9,191.2,195.3,199.1,204.6,216.6,223.5,221.7,224.6,238,250.4,255.9,261.5,267,272.5,278.8,288.4,292.9,300.8,301.4,297.5,298.2,298,294.9
No. 77,(歸),gui,4,162.4,314.1,316.6,322.3,326.8,330.8,335.9,341.3,348.7,353.8,352.6,347.1,336.8,328.3,320.6,315.4,309.6,298.1,288,280.5,273.8,267.8,260.8,253.5,246.2,239,231.7,224.4,217.1,209.9,202.6
No. 77,(既),ji,1,270,354.3,356.6,357.7,357.8,361.6,368.8,371.7,366.1,358.1,352.2,349.4,349.3,351.8,357.2,359.3,354.7,347.9,342.2,337.9,334.9,334.2,336.4,338.7,333.8,319.7,312,307,301.4,295.8,293.8
No. 77,(既),ji,2,306.5,318.4,320.5,324.8,325,325.8,332.1,341.8,351.2,363.1,369.6,373.4,376.1,383.1,386.7,389.3,396.8,408.7,406.2,387.9,378.1,373.4,370.1,370,373.5,371,363.5,361.4,364.7,361.7,352.4
No. 77,(既),ji,3,365.4,159.7,157.1,156.3,157.6,157.9,158.3,160.5,168.4,166.6,166.9,167.4,182.1,196.7,211.3,225.9,240.5,255.1,269.7,284.3,295,295.9,298.5,306.7,312,315.2,321.5,325.4,314.2,308.9,303.9
No. 77,既,ji,4,201,357,357.7,359.9,360.6,359.6,358.6,360.8,364.9,368.2,366.6,362,355.4,349.8,342.7,332.8,317.4,301.8,286.1,270.4,254.7,239,223.4,207.7,192,176.3,167.4,162.6,162.1,156.3,153.6
No. 77,(自),zi,1,389.7,313.1,318.2,330.7,359.2,379.7,378.8,374.4,372.7,375.5,384.6,384.3,377.6,371.3,366.7,370,378.1,371.3,354.8,348.9,343.9,342.4,343.5,332.9,323.5,318.5,309,302.7,288.1,270.9,269.8
No. 77,(自),zi,2,326.7,279.2,282,298.3,314,323,332.8,352.5,361.9,360,361,365.1,365.5,368.8,382.9,387.9,382.9,381.8,380.6,374.3,372.9,380.6,384.5,376.5,369.7,366.8,363.5,364.7,371.3,367.1,352.7
No. 77,(自),zi,3,377.6,166.2,169.8,168.8,165.6,165.2,166.6,170.3,178.1,179.2,181.4,187.6,195.7,203.8,214.7,225.7,235.9,245.3,262.8,279.1,291.9,296.2,294.5,298.6,300.7,300.8,306,300.9,288.6,280,274.9
No. 77,自,zi,4,182.7,319.9,320.5,328.4,338,349.9,357.8,364.6,371.3,375.7,378.4,373,365.8,356.2,345.3,333.3,318.9,303.9,289.5,285.1,271.3,247.9,233.2,219.5,205.8,192.1,178.5,164.8,154.8,147.8,140.9
No. 77,(以),yi,1,359.3,316.6,323,327.3,343,353.5,351.9,347,346.4,348.4,353.6,365.6,367,359.3,358.1,355.2,353.3,359.1,356.7,343,335.6,332.9,331.9,333.8,327.5,315.3,306.7,294.5,284.8,279.1,274.7
No. 77,(以),yi,2,280.1,295.4,298.1,300.4,306.8,327.8,338.6,340.2,342.6,348.1,353.5,358.2,365.9,376.4,387,397.6,405.1,406.8,407.3,406.8,410.2,416.4,415,399.5,384,377.5,370.4,361,358.6,361.4,358.2
No. 77,以,yi,3,438.4,155.4,154.4,153.5,153.3,158.5,166.3,174.1,181.9,189.7,197.5,205.3,213.1,220.9,228.7,236.5,244.3,252.1,259.9,267.7,275.5,277.9,284.6,292.9,304.1,310.6,305.2,303.5,300,294.8,293.5
No. 77,(以),yi,4,229.4,325.5,328.3,336.4,348.8,360.8,360.8,357.7,355.8,354.9,354.6,354.3,351.1,348.9,343.4,329.7,315.9,302.2,287.4,271.7,256,240.3,224.7,209,193.3,177.6,170.2,163.2,156.2,149.3,142.3
No. 77,心,xin,1,355.2,324.5,329,341.9,352.6,353.8,357,373.9,375.7,371.5,370.2,369.1,369.2,374.5,371.3,361.8,358,354.8,350.1,353.1,357.2,346.6,328.3,319.2,312,309.8,307.5,305.3,303,292.7,286
No. 77,(心),xin,2,278.1,351.1,351.9,355.5,359.9,354.8,352.3,350.6,349,349.3,351.3,355,363.5,372.9,374.6,369,366.6,369.2,370,371.7,374.6,374.4,374.3,374.1,373.3,365,357.7,354.9,356.5,360,361.1
No. 77,(心),xin,3,272,166.7,160.2,153.9,151.9,151.9,153.8,154.4,153.8,154.4,155.4,164,164.4,172.9,182.6,190.4,194.1,196.7,203.8,214.3,224.9,235.4,246,256.5,267.1,277.2,281.9,286.6,293.1,299.4,310.8
No. 77,(心),xin,4,207,321.8,323.4,326.9,336.5,348.7,359.6,363,359.2,350.7,338,328.5,319.5,309.4,295.4,288,280.1,270.4,260.7,250.9,241.2,231.5,221.8,212.1,202.4,192.7,182.9,174.1,168,161.8,158.8
No. 77,為,wei,1,359.3,334.9,337.2,353.9,362.4,378.6,395.4,387.2,375.5,373.2,372.1,373,380.3,381.4,371.6,364.8,360.8,359.5,367.3,368.9,355.5,348.8,347.8,344,345.5,349,333,323.8,320.4,314.2,310.5
No. 77,(為),wei,2,328.8,263.8,280.9,291.3,299.5,314.3,326.2,327.5,329.6,334.3,337.1,341.7,353.7,365.6,366.7,365.4,367.7,370,371.4,381,390.4,387,382.8,382.6,379.6,382,390.5,385.7,366,351.2,339.3
No. 77,(為),wei,3,438.4,164.2,164.5,158,155.4,154.3,157.6,159.1,156.4,156.2,158.7,164.6,177.9,182.5,189,200.7,215.6,230.8,238.2,245.7,258.7,270.4,287.4,288.1,293.3,296.7,299,313.9,308,302.5,294.1
No. 77,(為),wei,4,239.5,324.7,328.8,334.4,341.3,348.2,347.5,346.8,348.3,355.1,362.6,362,349.1,331.6,315.9,301.1,286.3,271.5,256.7,242,227.2,212.4,198.5,187.6,176.7,170,164.3,158.5,152.8,147.1,141.4
No. 77,(形),xing,1,387.7,376.7,375.9,375.7,381.7,383.4,392.4,400.8,389.6,378.5,377.5,376.2,381.2,387.6,375.3,363.8,363.6,355.6,355.9,360.5,348.4,342,340.2,335.6,339.5,338.3,324.3,315.1,308.2,302.1,300.6
No. 77,形,xing,2,326.8,293.1,300.6,314.5,321.1,323.5,332.3,359.6,361.6,362.2,363.8,364.5,367.6,382.7,395.9,394.9,387.9,384.2,383,384.9,390.8,394.2,392.5,381.1,373.6,361.6,354.8,363.6,372.3,365.1,354.9
No. 77,(形),xing,3,310.6,193.8,191.1,188.4,185.1,176.9,177.4,178.4,183.6,192.2,201.1,211,220.4,232.8,245.2,246.9,249.6,261.8,270,277.1,294.1,314,315.3,318.3,323.4,326.4,328.1,330.5,328,319.8,310.7
No. 77,(形),xing,4,156.3,371.3,376.6,384,388.1,391.5,397.4,402.8,404.3,404.4,400.5,391.2,374.3,362.4,354.6,345.3,335.2,323.7,311.8,299.9,288.1,276.2,265.5,257.8,248.6,237.4,226.3,215.1,203.9,192.8,181.6
No. 77,(役),yi,1,442.5,334.1,338.1,356.4,374.6,375.3,377.4,379.6,393.2,399.7,382.4,374.9,372.1,382.3,392.7,376.5,371.5,367.5,371.3,374.8,363.9,360.1,357.5,353.2,353.9,329.4,321.6,310.4,293.4,286.5,280.3
No. 77,(役),yi,2,379.6,328.2,333.3,337.6,345.8,352.9,362.6,381.2,380.9,377.2,378.4,379.2,383,394.1,393,389.2,388.4,386.7,388.9,397.3,396.9,387,379.6,376.5,381,393.7,382.3,359.7,346.3,329.7,322.8
No. 77,(役),yi,3,566.3,154.3,151.8,153.5,157.3,156.8,152.5,146.1,150.2,156.6,159.6,165,173.7,181.7,188.5,202.6,217,231.3,245.7,260.1,274.8,289.6,304.4,319.2,320.8,326.4,327.6,331.2,333.3,330.4,314.7
No. 77,役,yi,4,235.5,356.7,360.4,367.6,377.2,386.8,396.4,397.8,397.1,397.5,398.7,397.2,391.8,380.8,369.1,362.5,357.5,335,310.3,285.7,263.9,253.7,243.5,233.3,223.1,212.8,202.6,192.4,182.2,172,165.7
No. 77,奚,xi,1,389.7,357.4,373.5,373,371.4,372.8,370.4,377.9,388.2,379.9,373.4,369.5,364.3,369.4,369.3,360.5,352.1,345.8,341,346.6,343.7,330.6,325.1,318,316.6,319.8,303.6,291.2,282.8,268,261.8
No. 77,(奚),xi,2,294.3,296.7,305.6,316.1,328.2,351.4,350.8,351,354.4,361.2,366.6,379.5,401.1,405,403.3,405.5,408.1,407.7,408.5,416.6,421.1,408.8,389.7,377.2,369.8,364.2,363.7,365.7,361.6,349.8,344.3
No. 77,(奚),xi,3,458.7,159.3,159.8,158.5,159.1,161.5,164.6,171.4,187.6,198.2,220.5,243.8,250.2,258.6,263.8,266.8,270.8,274.6,298.3,306.8,297.1,289.3,284.2,282.3,285.8,283,283.4,285.8,284.8,286.5,286.7
No. 77,(奚),xi,4,166.4,350.3,352.4,354.8,357.2,359.1,360.5,359.6,359.9,361.6,363.1,364.6,359.5,352.5,339.9,327.4,314.9,302.4,289.8,277.3,264.8,252.2,239.7,227.2,214.6,202.1,189.6,177.1,164.5,155.9,151
No. 77,(惆),chou,1,373.5,345.7,350.7,355.4,338.9,334.5,347.4,351.4,352,352.2,349.8,354.8,361.9,359.4,355.8,349.7,340.4,339.2,344.5,333.7,319.7,314.3,309.3,311.5,315.8,302.8,287,280.9,274.8,274.1,275.2
No. 77,惆,chou,2,312.6,262.6,256.4,253.7,267.4,282.1,279.6,282.1,290.3,299.7,313.7,332.6,344.5,346.5,345.8,347.5,351.2,358.4,371.1,381.5,378.7,371.4,369.2,370.6,374.5,382.6,389.2,383.5,369.8,356.5,351.2
No. 77,(惆),chou,3,414.1,208.2,205.3,190.8,177.6,172.3,164.8,170,169.8,159.2,162.3,167.6,176.4,185,188,194.8,205.4,227.9,247.3,253.3,260.3,268.9,273.9,288.5,292.8,284.5,282,280.4,286.2,293.1,291.6
No. 77,(惆),chou,4,129.9,339.5,339.9,338.9,337.8,335.8,333.5,330.3,326.4,323.8,323.3,322.7,322.3,321.9,320.3,318.7,319.1,320.6,320.7,319.1,312.8,287.7,262.6,237.5,212.4,202.1,197.2,190.9,183.1,175.3,167.5
No. 77,(悵),zhang,1,377.6,313.5,326.7,332.3,327,327.4,331.6,336.1,346.8,348.9,338.4,334.8,334.2,338.2,355.9,351.2,339.5,333.2,330.5,332.5,336.9,330.4,321.3,323.7,328.6,322.9,323.3,327.8,335.1,335.5,341.7
No. 77,(悵),zhang,2,298.4,274.3,275,279.2,277.6,274.7,278,284.6,292.6,305.1,322.2,335,338.5,341.7,346.3,349.7,356.3,367.6,376.7,374.4,370.2,369.5,371.7,369.5,366.8,366.3,365.5,364.7,367.4,364.1,356.6
No. 77,(悵),zhang,3,337,132,129.1,129.5,131,133.1,139.4,141.6,150.8,154.7,150.6,169.1,171.4,176.2,181,184.5,188.4,190.8,195.6,202.6,212.1,221.7,231.2,240.7,243.4,252.6,263.6,270.6,291.9,300.2,298.7
No. 77,悵,zhang,4,152.2,339.7,341.1,342.7,344,345.1,344.2,343.5,344.3,345.3,346.9,345.7,339.6,331,319.3,307.2,294.9,286.8,280.9,274.6,268.2,253.9,238.2,227.6,217.3,207,196.8,186.5,176.3,166,155.8
No. 77,(而),er,1,377.6,272.5,282.4,300,320.2,344.6,359.6,355.9,354.3,357.8,358.4,362.7,368.5,359.3,351.3,350.1,346.9,350.7,348.8,335.8,333.1,327.2,318,323,321.3,303.2,294.5,285.8,277.6,278.4,278.3
No. 77,而,er,2,361.3,249.9,264.6,277.2,286,293.8,302.9,314.3,323.8,333,355.1,365.7,360.5,364.6,367.8,368.5,376.3,386.4,379.5,372.3,370.7,368.4,372.3,385.7,387.2,376.6,366.1,351.3,335.9,324.9,320.9
No. 77,(而),er,3,454.7,169.9,165.8,167.9,171,172.1,178.2,174.3,171.5,171.7,173.9,185.5,185.9,188.4,192.6,205.5,220.1,223,226.9,232.4,245.2,266.4,272,276.5,285,294.2,302.8,295.3,291.3,284.2,273.6
No. 77,(而),er,4,221.3,277.3,285.2,296.4,308,315.4,317.5,320.3,325.3,331.4,328.1,317,303.1,294.3,288.6,282.2,275.7,269.7,262.8,255.2,245,231.6,218.2,207.8,198.2,188.6,178.9,169.3,159.6,151.8,149.9
No. 77,(獨),du,1,379.6,391.7,398.9,393.8,389.5,396.1,398.6,408,417.9,404.6,390.3,391.4,392.1,398.6,401.3,387.5,378.9,375.1,369.1,369.1,370.6,360.7,346.4,342.8,337.1,339,338.8,321.6,307.6,283.9,267.7
No. 77,獨,du,2,353.2,295,298.1,314.8,323.8,334.2,343.9,353.5,361.4,364.5,372.2,374,379.4,395.9,399,392.6,390.1,391.2,393.3,402.9,410.5,404.4,397.1,390.9,383.3,378.3,375.4,360.7,338.8,327,316
No. 77,(獨),du,3,475,165.5,156.9,147.2,146.4,148.5,149.9,144.1,143.7,147.6,156,158.9,165,171.3,180.6,200.8,207.2,232.4,243.7,263.9,288.6,298,307.6,319,337.4,341.8,336.1,333,326,330.9,323.1
No. 77,(獨),du,4,209.1,382.1,383.2,385.7,391,395.6,398.3,403.4,410,414.8,412.2,400.8,389.5,379,363.7,347.7,333.7,324.6,315.4,305,292.4,274.3,259.8,246.3,232.9,219.4,205.9,192.5,179,165.6,158.7
No. 77,悲,bei,1,351.2,332.8,338.1,350.6,371.1,381.4,378.8,378.3,380.7,377,378.4,386.6,378.4,368,363.6,357.3,359.2,366.8,359.4,346.8,339.5,334.9,328.6,327.6,329.9,320.2,305.1,296.9,287.8,277.3,276.3
No. 77,(悲),bei,2,233.4,348.6,353.8,358.8,364.5,371.6,377.9,383.9,387.6,390.3,394.3,403.1,403.9,397,388.5,382.2,378.4,373,365.8,361.2,360.7,362.6,357.3,342.9,330.2,322.1,316.2,304.8,293.3,288,287.1
No. 77,(悲),bei,3,401.9,179.6,179.9,181.6,184.5,180.1,177.3,177.1,179.8,189.8,191.5,190.5,193.7,204.4,217.1,231.3,234.1,240.2,249.7,260.4,278.4,281.2,283.3,294.7,303.2,309.5,317.8,308.9,305.1,303.6,294.1
No. 77,(悲),bei,4,255.8,331.9,336.7,339.6,340.5,341.7,343.7,343.6,340,340.8,340.7,331.9,316.1,296.7,276.8,258.3,239.7,221.2,202.6,192.3,184.3,176.2,168.7,161.9,155.1,148.3,141.5,139.2,137.8,136.4,134.9
No. 77,(悟),wu,1,375.5,330.2,342.8,352.7,370.4,384.3,377.9,374.1,375.3,375,380.1,388,382.7,373.2,368.2,367.9,372.3,376.3,370.5,361.7,356.7,353.1,358,359.1,348.4,341,333.4,327.7,334.3,328.4,314.6
No. 77,(悟),wu,2,430.3,280.6,286.7,300.1,319.9,345.5,353,358.4,366.3,372.5,390.4,392.2,383.8,384,383.4,395.8,404.2,392,388,388.2,396.8,406.5,389.5,380.4,375.1,366.6,369.9,361.8,351.2,339.6,335.1
No. 77,(悟),wu,3,454.7,161.6,162.1,163.7,165.3,167,165,161.8,158.6,162,163.3,164.5,165.8,167,171.4,172.4,176.6,188.6,201.7,220.2,244.7,261,270.9,288.5,313.1,316.6,318.7,322.7,333.9,339.7,334.8
No. 77,悟,wu,4,223.3,325.5,335.6,346,356.6,366,369.9,376.6,388,400.6,408.8,407.2,402.7,397.1,391,379.4,362.6,345.5,330.6,320.8,309.2,288,264.2,249.4,235.8,214.7,196.7,188.3,180.3,175,170.3
No. 77,(已),yi,1,416.1,320.4,323,330,344.6,370.9,371,366.9,367.9,372.8,384.6,388.6,381.1,377.7,377.4,381.1,385.5,372.2,365.2,360.4,358,365.4,358.8,347.3,343.3,329.9,331.4,323.3,306,295,283.8
No. 77,(已),yi,2,343,334.7,340.5,365.6,378.8,382.8,385.6,390.2,392,394.9,408.3,418.2,416.2,414.5,412.6,411,416.4,421.8,407.5,394,390.2,385.5,385.2,396.1,395,377.1,371.5,368.9,362.8,359,359.3
No. 77,已,yi,3,438.4,173.7,171.2,176.3,174.2,170.9,169.7,170.3,167.7,176.2,177,180,183.1,191.3,200.9,210.6,220.2,229.8,239.5,249.1,258.7,268.4,278,287.2,297.6,307.8,312.5,326,318.6,316.7,313.5
No. 77,(已),yi,4,194.9,338.7,339.1,347.3,356.2,364,368.8,372.1,373.8,376.8,377.3,373.7,364.5,354.2,343.1,332,320.9,309.8,298.7,287.6,276.5,265.4,254.3,243.2,232.1,221,209.9,198.8,187.7,176.6,165.5
No. 77,(往),wang,1,272,319.7,317.6,317.9,322,326.2,330.5,341.2,347.7,355.9,349.2,346.6,345.8,347.8,347.2,349.6,357.1,361.7,359.8,354.2,347.7,344.1,341.7,341.9,346.8,350.8,346.8,337.8,332.4,332.7,336.2
No. 77,(往),wang,2,328.8,264.1,280.5,290.3,289,288.4,295,304.8,313.5,328.1,343.4,346.4,348,355.3,361.2,362.6,374.9,380.5,375.1,371,368.5,365.7,364,369.6,371.8,368.3,367.9,364.3,359.9,357.1,356.4
No. 77,往,wang,3,412.1,151.4,151.5,154.6,154.2,150.1,148,146.8,150.9,156.8,158.8,160.4,162,165.1,179.4,181,182.7,193.3,207.3,224.3,241.2,250,262,274.9,290.8,296.2,302.9,309.5,315.9,315.7,316.3
No. 77,(往),wang,4,201,328.9,336.9,348,354.8,355.9,353.6,348.1,344.2,340.8,337.9,330.9,319.2,304.2,294.4,285.9,277.9,268.8,259.6,250.5,241.4,232.3,223.2,214,204.9,195.8,187,181.2,175.4,169.6,163.7
No. 77,之,zhi,1,412.1,360.6,365.5,368.1,369.5,372.9,383.8,380,371.7,367,365.4,370.6,375.2,363.7,357.7,352.6,353.1,361.4,352.2,339.6,330.7,324.6,330.3,329.4,314.7,309.3,302.1,301.6,302.3,285,273.7
No. 77,(之),zhi,2,284.2,360.8,362.9,363.7,366.7,371.1,373.2,376.7,386.7,395.8,394.4,388,385.4,386.1,388.7,394.2,402.6,410.6,412,410.4,414.9,420.9,417.9,409.2,405.2,399.2,380,355.8,340.7,326.1,314.3
No. 77,(之),zhi,3,448.6,186.8,184.5,184.5,187.1,180.3,175,171.5,168.1,177.9,177.7,181.3,186.8,204.5,222.4,235.9,247.1,256.4,269.1,288.7,304.2,307.4,313.2,318.2,328.8,322.4,311.5,305.7,302.3,308.9,306.7
No. 77,(之),zhi,4,162.4,400.3,401.1,401.9,402.8,403.4,402.7,400,394.8,385.9,375.2,370.1,366,362.6,356.8,345.1,333.4,321.7,310,298.3,286.6,274.9,263.2,251.5,239.8,228.1,216.4,204.7,193,181.3,172.4
No. 77,(不),bu,1,405.9,339,352.4,362.2,378.9,394.4,393.8,387,386.4,385.7,392.6,398.4,390.7,384.7,379.7,374.6,382.6,379.7,366.4,359.6,354.5,355.1,358,344.2,332.8,319.3,304.4,297.9,283.8,266.5,264.7
No. 77,不,bu,2,339,291.3,314.2,326.2,346.2,369,384.2,383.7,380.1,383.1,387.8,397.2,411.2,412.8,403.2,400.1,403.6,407.7,420.9,434.2,426.6,414.5,410.8,406.8,397.8,394.2,388.6,369.1,346.9,328.4,313.2
No. 77,(不),bu,3,464.8,199.9,201.6,206.3,199.9,198.9,194.5,195.1,199.9,195.1,200.8,205.6,219.9,234.2,241.3,251.9,265.6,286.7,304.7,315.1,328,340.9,358.5,357,350.4,348,352.1,362.5,349.9,338.4,322.5
No. 77,(不),bu,4,172.5,359.7,360.5,362.3,365.1,369,373.2,377.3,378.7,380.8,383.6,387.1,390.3,388.4,383.6,374.3,357.1,337,320.5,304.8,290.6,278.4,267.1,258.4,249.7,240.8,232,223.2,214.3,205.5,196.6
No. 77,(諫),zhi,1,357.3,323.7,330.4,342.9,355.3,363.1,366.3,376.1,386.1,379,375.1,374.4,371.5,374.4,381.5,376.5,368,366.1,362.4,360,364.7,367.1,355.6,343.6,335.2,327.6,330,314.9,299.8,287.6,278.8
No. 77,(諫),zhi,2,320.7,336.7,338,338.5,341.8,351,356.2,361.5,384.4,384.2,376.4,373.4,371.1,373.2,381.4,397.1,394.5,382.2,380.7,380.2,376.8,380.3,387.8,383.8,368.4,353,342.1,334.1,323,315.3,309.6
No. 77,(諫),zhi,3,324.8,174.9,177.9,180.8,182.2,187.4,197,197.7,201.7,208.8,215.8,220.7,232.2,243.8,252.6,255.1,259.4,265.5,271.4,284.7,298.8,302.1,300.9,299.6,297,297.2,303.6,305.2,294.8,282.1,274.9
No. 77,諫,zhi,4,154.3,374.1,378,382.5,387.4,395.8,405.8,410.2,413.1,403.3,392.1,377,363,355.7,347.2,335.7,324.2,312.7,301.2,289.6,278.1,266.6,255.1,243.6,232.1,220.5,209,197.5,186,174.5,163
No. 77,知,lai,1,395.8,284.2,287.5,300.1,310.5,318.4,333.2,355.7,358.8,353,351.9,353.8,362.6,370.5,359.4,352.1,349.8,348.2,352.6,349.9,336.9,332.3,326.7,321.4,324.6,317.6,305.4,297.4,286.6,282.1,285.2
No. 77,(知),lai,2,355.2,241.8,241.4,250.3,265.8,267.9,271.4,281.6,292.4,307.7,336.3,345.8,348.7,355.7,360.8,367.2,380.7,385.9,380.7,380.4,378.4,373,379.9,392.8,401.8,408.2,404.9,396,388.8,386.1,372.9
No. 77,(知),lai,3,440.5,158.9,153.5,149.3,146.1,151.4,149.8,145.5,146.2,146.7,153.7,155.9,153.3,156.2,160.7,171.4,182.5,187.1,198.5,210,232,253.6,259.9,265.7,271.2,280.5,290.1,282.9,276.9,273,273
No. 77,(知),lai,4,239.5,313.7,314.7,316.8,320.8,327.7,338.4,335.4,331.8,330.3,331.2,332.9,331.8,323.7,314.3,306.7,299.8,289.7,271.9,254.1,243,232,217.7,203.4,189.2,184,176.8,167.7,158.5,149.4,140.2
No. 77,(來),zhe,1,395.8,312,317.8,327.1,341.5,350.3,345.4,345.6,350.5,359.3,371.1,366.6,360.5,362.2,361.9,366.8,371.2,359.2,355.6,354.7,354.9,361.7,357.8,343.2,329.6,316.2,316.1,319.7,311.7,296.2,288.5
No. 77,來,zhe,2,345.1,317.4,324.9,331.6,342.5,358,357,352.1,351.2,352.2,354.9,366.9,375.8,369.3,367.6,371.3,371.9,376.8,384,379.2,371.5,370.4,367.9,366.2,369.5,362.1,342,332,320.9,319.2,323.6
No. 77,(來),zhe,3,473,192.2,189.2,177.2,176,169.2,168.3,164.4,157.9,158.4,159.2,168.6,173.8,180.2,190,202,218.5,243.1,259.1,269.2,286.6,306.5,303.3,303.4,299.3,300,292.8,285.7,290.6,288.7,292.8
No. 77,(來),zhe,4,186.7,401.1,409.9,413.7,413.6,405.2,396.8,388.6,379.3,368.7,355.9,338.9,320.7,302.4,292,284.4,272,259.6,247.2,234.8,222.4,210,197.6,185.2,172.8,160.4,149.8,143.9,143.5,145.1,146.3
No. 77,(者),zhi,1,296.3,380.7,386.7,384.1,383.7,388.2,387.9,388.2,395.6,400.4,389.8,375.7,373.2,375,372.1,370,373.8,374.7,365.3,355.2,350.4,346,339.5,338.5,339.3,329.5,314.7,304.8,295.1,283.2,270.8
No. 77,(者),zhi,2,314.6,320.8,324.8,336.7,352.4,365.9,365.8,362.4,364.3,365.6,366.3,372.4,382.2,382.4,378.7,377.3,376.8,376.8,381.1,388.7,386.8,378.7,370.7,364.6,361.8,360.6,360.2,354.3,340.7,319.7,301.2
No. 77,者,zhi,3,339,176.4,175.5,175.9,177.6,177.6,175.9,175.1,177.5,180.9,184.1,195.1,206,214.7,222.3,233.8,241,252.6,264.2,269.9,270.4,272.2,278.8,288.4,297.6,295.1,285.2,275.6,266.5,256,254.2
No. 77,(者),zhi,4,144.1,404.1,406,407.2,408.2,406.9,405.1,400.8,396.1,389.6,382.6,373.7,364.2,357.8,352.3,342.4,331.1,319.9,308.6,297.4,286.1,274.9,263.6,252.4,241.2,229.9,218.7,207.4,196.2,184.9,173.7
No. 77,之,ke,1,395.8,352.5,354.2,354.9,359.7,360.2,362.4,370.6,369,364.4,363,360.2,364.2,367.5,358.7,355.1,350,346,353.7,350.3,338.6,331,325.5,325.2,328.4,318.5,302.2,287.9,280.7,277,272
No. 77,(之),ke,2,369.4,340.3,345.5,354.9,350,349.9,329.9,332.9,331,336.6,339.3,343.6,357.6,366.2,364.6,364.6,360.9,361.1,371.5,381,373,369.1,366.6,360.9,366.8,376.9,365.7,351.8,344.1,331.7,316.1
No. 77,(之),ke,3,365.4,158.2,157.2,156.3,159.9,160.5,159.6,159.2,159.5,164.6,177,180.1,183.4,191.7,204.7,217.7,230.7,241.7,246.2,256.7,267,276.7,290.2,297,290.6,285.9,281.8,276.4,273.2,274.7,275
No. 77,(之),ke,4,168.5,370.9,371.5,371.4,370.6,369.1,363.3,356.4,347.7,337.6,326.8,319.1,310.8,300.1,289.5,278.8,268.2,257.5,246.9,236.2,225.6,214.9,204.3,191.5,178.6,165.6,153.8,143.4,134.4,126,125.2
No. 77,(可),zhui,1,351.2,397.6,393.4,386.6,388.9,384.9,386.5,401.4,404,387.2,383.4,379.8,374.4,373.2,381.7,378.1,363.9,355.8,350.4,348.5,356.5,355.2,342,333.9,326,319.1,319.7,321.1,312.8,293.5,284.3
No. 77,(可),zhui,2,267.9,331.9,333.7,338.6,347.6,360.7,374.6,374.3,370.4,371.5,376.3,380.7,384.5,392.3,403,404.1,396.7,391.4,391,390.8,390.5,395.7,406,409,403.5,393.8,381.7,369.6,361.6,354.3,349.8
No. 77,可,zhui,3,318.7,187.6,189.2,191.5,188.8,181.6,177.5,175.7,175.4,179.4,184.6,185.8,185.1,187.8,190,196,202.8,211.9,225.2,235.4,244.8,249.8,255.8,267.8,281.3,286.9,288,289.2,289.6,289.1,289.8
No. 77,(可),zhui,4,162.4,342,351.2,356.9,361.7,366.4,371.2,376,375,365.5,358.7,353.4,350.2,347.3,340.2,332.1,320.7,310.8,302.7,294.5,286.2,275,263.5,252,240.5,229,217.5,206,194.5,183,171.5
No. 77,追,shi,1,,,,,,,,,,,,,,,,,,,,,,,,,,,,,,,
No. 77,(追),shi,2,,,,,,,,,,,,,,,,,,,,,,,,,,,,,,,
